driverId,name,ssn,location,certified,wage-plan
10,Kevin Nelson,502-05-7504,"4897 Brian Path
Kristinstad, CT 01478",N,miles
11,Susan Wilson,268-25-6815,"3194 Kelly Plains
New Barbara, RI 55031",N,miles
12,Tiffany Hall,408-36-3887,"7199 Clark Rest
West Jefferyview, AR 88403",N,hours
13,Stanley Green,272-04-0081,"25548 Cindy Stravenue
East Johnnyberg, SD 25506",N,hours
14,Nicholas Jackson,682-79-1170,"Unit 9451 Box 7392
DPO AP 03158",N,miles
15,Latoya Johnston,586-30-8501,"90475 Anna Trail
Weberhaven, RI 72658",N,miles
16,Matthew Baker,518-77-0503,"884 Taylor Isle Suite 220
Aaronport, ME 91794",Y,hours
17,Sandra Ingram,449-89-8859,"543 Kimberly Island
Jennifershire, AZ 92869",N,miles
18,Steven Lara,312-80-5703,"1175 Vaughn Light
Lake Rebeccabury, SC 85044",Y,miles
19,Ethan Jackson,314-48-4388,"Unit 3851 Box 5842
DPO AE 55460",Y,miles
20,Michael Smith,782-02-0451,"2951 Miller Gardens
North Karen, NV 45363",Y,miles
21,Diana Cole,009-12-8038,"500 Brian Valley
Mackenzieton, KY 21587",N,miles
22,Stephanie Burns,175-96-5254,"6379 James Divide
North Michael, FM 94458",N,hours
23,Trevor Mullins,018-30-3384,"0397 Miller Plaza Suite 609
West Amber, OH 90634",Y,miles
24,Jamie Allen,784-76-3442,"9776 King Mews
Fryebury, CO 41336",Y,hours
25,Pamela Silva,813-10-3708,"2309 Lisa Mall
Port Sarahshire, DC 57252",N,miles
26,Mrs. Deborah Lynch DVM,362-91-4056,"PSC 8263, Box 8418
APO AP 88069",N,miles
27,Megan Hill,280-81-2051,"575 Miller Center Suite 296
Stevenborough, MP 27364",N,hours
28,Shaun Hubbard,623-07-0525,"580 Mccall Shores
Rodriguezside, FL 68087",Y,miles
29,Shannon Clayton,234-32-7488,"29134 Traci Creek
New Reginald, CT 22214",Y,miles
30,Patrick Hill,371-50-6289,"47447 White Plains Apt. 994
West Alexandrastad, CO 18991",N,hours
31,Jonathan Jarvis,580-17-4623,"2314 Johnson Circle Suite 561
East Thomasland, CT 74070",Y,miles
32,Melinda Hall,225-49-3531,"39244 Sandra Freeway
North Manuel, FM 09936",N,miles
33,Kristen Mccoy MD,510-17-3596,"70033 Mark Walks
Robertsberg, ND 42700",N,miles
34,Nicholas Molina,749-06-9621,"8206 Heather Plaza
Veronicatown, OR 72270",N,hours
35,Patricia Gutierrez,355-66-4176,"15530 Novak Land
South Travis, ND 17840",Y,hours
36,Martin Walker,096-97-9011,"7632 Evans Mountain Suite 837
North Cherylfurt, NV 56821",N,hours
37,Christopher Alvarez,667-80-7880,"12068 Kidd Station Apt. 599
Angelaland, PW 00921",N,hours
38,Janice Cook,264-74-5721,"8965 William Fork Suite 711
Reevesshire, OR 15200",N,miles
39,Randall Hernandez,614-37-4180,"1329 Mary Mountains
Kevinberg, RI 71909",N,hours
40,Johnathan Pacheco,818-27-8291,"5044 Brian Tunnel
West Ronald, ID 89268",Y,hours
41,Thomas Mcbride,116-78-1196,"USS Keller
FPO AP 83797",N,hours
42,Lisa Mills,669-25-8594,"Unit 5210 Box 5253
DPO AA 51491",N,miles
43,Frank Woodard,500-31-5898,"USCGC Delacruz
FPO AA 59218",Y,miles
44,John Reid,864-03-1812,"437 Christopher Villages Suite 312
East Jocelyn, WV 90930",Y,hours
45,Brian Payne,519-95-8084,"8414 Burgess Port
West Josephton, MH 52777",N,miles
46,Deborah Arellano,201-66-5606,"USNS Miller
FPO AA 36070",N,hours
47,Mary Schwartz,587-83-1771,"5337 Barnes Flat
North Nicole, TN 22180",Y,hours
48,Kevin Jackson,586-38-9713,"97302 Richard Burg Suite 049
Stephensonborough, NV 96897",Y,hours
49,William Roth,698-55-1232,"1548 Eric Locks
Meyersland, MA 35748",Y,miles
50,Jonathan Floyd,756-59-1209,"0802 Steven Parkway Suite 682
Diaztown, FL 67510",Y,hours
51,Ebony Reynolds,218-44-2931,"295 Cook Islands Suite 702
North Richard, KY 12080",N,hours
52,Michelle Miles,826-54-9296,"6102 Thomas Brook Suite 192
Hansenmouth, DC 12052",Y,hours
53,Lori Cooper,340-99-0479,"358 Miller Walk Apt. 997
Davisfurt, VA 21344",Y,miles
54,Michael Nunez,400-02-1931,"3228 Little Stravenue
Leeland, MO 68847",Y,hours
55,Carolyn Mitchell,108-41-1541,"6122 Anthony Ridge
Williamstown, MH 90440",Y,hours
56,Lisa Carson,048-35-5815,"USNS Reyes
FPO AE 38879",Y,hours
57,Catherine Christensen,712-34-0002,"947 Fischer Ports
Sueport, NV 01665",N,hours
58,Nicole Smith,384-14-7790,"USS Sanchez
FPO AP 84361",N,hours
59,Christina Hernandez,661-12-9441,"USCGC Henson
FPO AP 25721",N,miles
60,Natalie Cline,262-24-8761,"41862 Julie Views
Dawnside, AL 34375",N,miles
61,Lance Curry,156-76-2600,"405 Anthony Courts
Meyershire, NV 18280",N,miles
62,Christy Short,611-80-8004,"Unit 7668 Box 1661
DPO AA 38868",Y,hours
63,Regina Murray,474-12-0444,"411 Moore Crescent Suite 461
Andersonton, IA 56825",N,miles
64,James Phillips,081-78-0546,"796 Kristin Vista Apt. 173
West Davidmouth, MA 85774",N,hours
65,Olivia Deleon,234-33-3193,"46606 Stevens Hollow Apt. 232
Jimtown, NH 43506",Y,miles
66,Hannah Jones,832-17-7022,"42961 Susan Haven
North Brittany, AR 63051",Y,miles
67,Brittney Smith,136-70-8878,"PSC 2853, Box 2499
APO AP 07693",Y,miles
68,Renee French,381-21-2112,"764 Moreno Falls Suite 594
North Katherinefort, NM 64856",Y,hours
69,Wendy Jackson,027-88-8879,"335 Kathy Cliff Suite 714
Sloanmouth, AR 61497",Y,hours
70,Charles Thomas,412-82-6705,"0162 Deborah Gardens Suite 306
Port Eric, NJ 88069",N,hours
71,Steven Rivera,250-21-3504,"Unit 5081 Box 4200
DPO AA 88903",N,hours
72,Eric Moore,383-40-9403,"1353 Harris Harbor
West Jamesfort, MN 38589",N,miles
73,Cameron Welch,165-81-6710,"117 Joseph Circles
Williamsview, AK 88459",N,hours
74,Mr. Richard Cole,834-38-8150,"5052 Ryan Hollow
Owensview, WI 65354",Y,miles
75,Paul Smith,137-11-3987,"4242 Herrera Canyon Suite 512
Henrychester, MN 89376",Y,miles
76,Patrick Baxter,208-19-7774,"3094 Paul Mission
Lake Ashleytown, OK 57062",N,miles
77,Charles White,429-34-6848,"19433 Dorsey Light
Jarvisstad, NH 75508",Y,miles
78,Laura Fernandez,194-69-5452,"19543 Kimberly Centers Apt. 345
Parksside, KS 79341",Y,hours
79,James Patrick,399-31-5788,"413 Christensen Terrace
New Samanthabury, WV 43850",N,hours
80,Leslie Smith,653-92-2126,"2232 Michael Valley Apt. 056
Lake Codymouth, ND 22257",N,miles
81,Alexis Smith,529-80-9256,"24162 Moore Extension
East Kevin, KY 37786",Y,hours
82,Andrew Harris,770-50-1338,"484 Williams Estates Apt. 108
Lake Michael, ME 56719",Y,miles
83,Mrs. Melanie Norris,441-40-1597,"57868 Freeman Burgs
Tonyamouth, ME 88373",Y,miles
84,Jeanette Williams,354-75-5750,"878 Oliver Villages
Aaronside, WV 70824",Y,miles
85,James Luna,382-03-9557,"USNS Shaw
FPO AE 92116",Y,hours
86,Kristy Burton,167-83-0345,"36570 Adams Crescent Apt. 599
Kellytown, MA 01729",Y,miles
87,Dr. Bonnie Clark,198-45-5320,"18751 Gina Roads
Kellychester, RI 57719",Y,miles
88,Cody Baker,246-46-7703,"Unit 0569 Box 3737
DPO AE 88763",N,hours
89,Victoria Adams DVM,765-95-6168,"36269 Reyes Tunnel Apt. 249
Richardfurt, IA 93029",N,miles
90,Bryan Howard,569-57-2491,"Unit 2074 Box 9517
DPO AA 96512",N,miles
91,Amber Hunt,208-17-7702,"PSC 4953, Box 9965
APO AA 15829",N,miles
92,Dawn Keith,536-84-0909,"PSC 3818, Box 8065
APO AA 84914",N,miles
93,Kayla Miller,884-65-0668,"USCGC Williams
FPO AA 11934",N,hours
94,Joshua Mccormick,834-74-6209,"537 Hunter Knolls Apt. 028
West Roberttown, AK 45982",Y,hours
95,Cristian Reilly,597-80-1541,"PSC 7742, Box 7781
APO AP 51750",N,miles
96,Stephanie Anderson,005-88-5147,"168 Christopher Drives Apt. 147
Craneton, ND 47464",Y,miles
97,Adam Parker,231-78-4746,"739 Rivera Vista Suite 280
Hunterton, NV 85142",Y,miles
98,Charles Dudley,413-32-1429,"9746 Katie Terrace
North Lisaton, MP 85007",N,miles
99,Cynthia Lowe,285-44-4026,"4715 Taylor Falls
East Robert, MA 68930",N,miles
100,Frank Holland,515-76-6590,"PSC 9470, Box 4675
APO AP 06661",N,hours
101,Brooke Small,437-70-3420,"22986 Michael Lock Apt. 989
Jacobsfurt, NY 58934",N,hours
102,Ryan Martinez,456-08-9571,"26102 Riddle Stream
Webermouth, SC 49809",Y,hours
103,Sierra Lane,072-72-8688,"PSC 4040, Box 1193
APO AP 96770",Y,hours
104,Taylor Jenkins,083-14-9640,"1275 Heather Lake Suite 358
Lake Kennethton, TN 59954",Y,miles
105,Michael Ferrell,672-30-3149,"Unit 7188 Box 4907
DPO AP 39348",N,hours
106,Nathan Hernandez,848-03-2980,"8577 Reed Mill
Bethhaven, AR 42788",N,hours
107,Devon Prince,046-33-0242,"0179 Aguirre Stravenue
Davisborough, PA 22272",N,miles
108,Shannon Roman,414-57-0515,"953 Fowler Shoals
New Sheila, NH 35304",N,hours
109,Ashley Reed,101-42-5971,"428 Jackson Road Apt. 929
Staceyborough, MA 26070",N,hours
